{
    "name": "root",
    "metadata": {
        "timer_format_version": "0.1.0",
        "start_time_seconds": "1746455032",
        "python_version": "3.9.21 (main, Dec 11 2024, 16:35:24) [MSC v.1929 64 bit (AMD64)]",
        "command_line_arguments": "C:\\Users\\Adria\\anaconda3\\envs\\VRenvironment\\Scripts\\mlagents-learn",
        "mlagents_version": "0.30.0",
        "mlagents_envs_version": "0.30.0",
        "communication_protocol_version": "1.5.0",
        "pytorch_version": "1.7.1+cu110",
        "numpy_version": "1.21.2",
        "end_time_seconds": "1746455104"
    },
    "total": 71.45725220000001,
    "count": 1,
    "self": 0.037327300000015384,
    "children": {
        "run_training.setup": {
            "total": 0.036340200000000156,
            "count": 1,
            "self": 0.036340200000000156
        },
        "TrainerController.start_learning": {
            "total": 71.3835847,
            "count": 1,
            "self": 0.033949400000011565,
            "children": {
                "TrainerController._reset_env": {
                    "total": 37.956062499999994,
                    "count": 1,
                    "self": 37.956062499999994
                },
                "TrainerController.advance": {
                    "total": 33.25621019999999,
                    "count": 1857,
                    "self": 0.029190099999958363,
                    "children": {
                        "env_step": {
                            "total": 33.07531960000004,
                            "count": 1857,
                            "self": 30.930180000000362,
                            "children": {
                                "SubprocessEnvManager._take_step": {
                                    "total": 2.1248168999998356,
                                    "count": 1857,
                                    "self": 0.0788007999998257,
                                    "children": {
                                        "TorchPolicy.evaluate": {
                                            "total": 2.04601610000001,
                                            "count": 1857,
                                            "self": 2.04601610000001
                                        }
                                    }
                                },
                                "workers": {
                                    "total": 0.02032269999984493,
                                    "count": 1856,
                                    "self": 0.0,
                                    "children": {
                                        "worker_root": {
                                            "total": 28.73470329999998,
                                            "count": 1856,
                                            "is_parallel": true,
                                            "self": 3.9266750999999047,
                                            "children": {
                                                "steps_from_proto": {
                                                    "total": 0.004457500000000891,
                                                    "count": 1,
                                                    "is_parallel": true,
                                                    "self": 0.0014159000000049105,
                                                    "children": {
                                                        "_process_rank_one_or_two_observation": {
                                                            "total": 0.003041599999995981,
                                                            "count": 2,
                                                            "is_parallel": true,
                                                            "self": 0.003041599999995981
                                                        }
                                                    }
                                                },
                                                "UnityEnvironment.step": {
                                                    "total": 24.803570700000073,
                                                    "count": 1856,
                                                    "is_parallel": true,
                                                    "self": 0.14010930000025468,
                                                    "children": {
                                                        "UnityEnvironment._generate_step_input": {
                                                            "total": 0.11356369999999316,
                                                            "count": 1856,
                                                            "is_parallel": true,
                                                            "self": 0.11356369999999316
                                                        },
                                                        "communicator.exchange": {
                                                            "total": 24.0777745999999,
                                                            "count": 1856,
                                                            "is_parallel": true,
                                                            "self": 24.0777745999999
                                                        },
                                                        "steps_from_proto": {
                                                            "total": 0.4721230999999264,
                                                            "count": 1856,
                                                            "is_parallel": true,
                                                            "self": 0.2698654000002847,
                                                            "children": {
                                                                "_process_rank_one_or_two_observation": {
                                                                    "total": 0.20225769999964172,
                                                                    "count": 3712,
                                                                    "is_parallel": true,
                                                                    "self": 0.20225769999964172
                                                                }
                                                            }
                                                        }
                                                    }
                                                }
                                            }
                                        }
                                    }
                                }
                            }
                        },
                        "trainer_advance": {
                            "total": 0.1517004999999898,
                            "count": 1856,
                            "self": 0.04327980000019238,
                            "children": {
                                "process_trajectory": {
                                    "total": 0.10842069999979742,
                                    "count": 1856,
                                    "self": 0.10842069999979742
                                }
                            }
                        }
                    }
                },
                "trainer_threads": {
                    "total": 9.999999974752427e-07,
                    "count": 1,
                    "self": 9.999999974752427e-07
                },
                "TrainerController._save_models": {
                    "total": 0.13736160000000552,
                    "count": 1,
                    "self": 0.00942179999999837,